accel_x,accel_y,accel_z,gyro_x,gyro_y,gyro_z,label
0.0,1.0,0.6267261228879369,0.12604412021695063,-0.061211631910261334,-0.12098664211414684,0.0
0.10003281427313471,0.9949841386015138,1.1064311109970613,0.21641633692299292,0.12461711388760166,-0.03361871435355064,0.0
0.19906212708288032,0.979986872137193,1.3651031040279127,-0.10155870660358837,-0.08521257589572062,-0.12435306795380188,0.0
0.2960945038143548,0.95515864902692,0.09019620793147189,0.021409753149983446,-0.054063933887496245,0.01807393236665292,0.0
0.39015654256185667,0.9207485391224784,0.23460495325849892,0.08136639322223634,0.06490124573956833,0.1237568216597093,0.0
0.4803046390269528,0.8771017351078428,-1.3672606072507862,0.11710060044572124,0.007719664166687421,-0.02783313324751709,0.0
0.5656344524952307,0.824656089621862,-1.0454331707091287,0.08416298353939719,0.024599016962214174,-0.06645161109012386,0.0
0.6452899779316593,0.7639377228419596,0.20983954531613966,0.007535288012844453,-0.022450800769156894,0.07488678356935838,0.0
0.7184721331858132,0.6955557445923563,0.3443533176372682,0.13355761361850438,-0.043768110335200366,-0.05600805101856437,0.0
0.7844467751624975,0.6201961439231609,-0.9246056976016751,0.1651370626377962,0.0015966003438158964,-0.10443161114665254,0.0
0.8425520645417729,0.538614907458377,-1.499270207392863,0.06256124278434198,-0.020332250385950407,0.1308395884207851,0.0
0.8922051051675485,0.45163043554765414,0.5795479072947195,0.24320874450181693,-0.12977707397468158,-0.13618242503011466,0.0
0.9329077915002397,0.3601153323008411,-0.2802037131103436,-0.030186206219181923,0.021011064279901917,-0.0458556762728084,0.0
0.9642518054734649,0.26498765186544665,0.033269801436490165,0.05166896748003479,0.1385150285409064,0.021535850655315963,0.0
0.9859227126277004,0.1672016887619172,-0.8271722598196399,-0.1156125453391344,-0.09796532181496287,0.020733114185341735,0.0
0.9977031164296156,0.06773840466554283,-0.4886830619387104,0.06276975023840585,0.11776345789333238,0.10107432835795274,0.0
0.9994748391338337,-0.03240441232914563,-0.4138124496382327,-0.009234945906369326,-0.20683436756125909,-0.06272903545351548,0.0
0.9912201073093126,-0.13222215724194933,0.3251442823194079,0.20530863613440467,-0.06049206107696969,0.05595317266357296,0.0
0.9730217301374794,-0.23071348612568388,-0.24343320579111466,0.0594992653060453,0.10223445492759715,-0.14533931151547616,0.0
0.9450622686934766,-0.3268903612710827,-0.752872795053353,-0.10174130358963647,-0.013458624907318362,-0.11972469340113141,0.0
0.9076222045440632,-0.4197879629272078,-0.2178752288261261,-0.016791285694051056,-0.06841708060905949,0.007180478239445439,0.0
0.8610771260342868,-0.5084743681057413,0.40819536494698366,-0.16508495823370503,0.027303918375060094,-0.06142307393260357,0.0
0.8058939604893209,-0.5920598993740724,1.3128151121442622,-0.13942311223798892,0.0569975571513957,0.11921937347651412,0.0
0.7426262901289721,-0.6697060498526796,0.6879195596248296,-0.0024182503152786385,0.18681555979208408,0.03945336220749303,0.0
0.6719087986843052,-0.7406338948837096,0.6157718013385753,0.14510046808317414,-0.08344148067426005,-0.16268521517977114,0.0
0.594450904426391,-0.8041319059872241,-0.9525134115821139,0.023735744554538533,-0.057528528731438294,-0.07164472272865416,0.0
0.5110296434788618,-0.8595630887176737,1.3583680360413335,0.13204041747975956,0.043385424536842035,0.09723022963589703,0.0
0.4224818748069167,-0.9063713728155985,-0.16030147378461945,0.19741491771764094,-0.02584955744188777,-0.0197551205587692,0.0
0.3296958850801638,-0.944087190550326,0.5642305071396077,-0.04158517339832135,0.01764062066083532,-0.001794023100863045,0.0
0.23360247762698433,-0.9723321872932801,-0.08433287551350392,0.2858142685963371,0.09108497313209542,-0.07184578748372242,0.0
0.135165634873565,-0.9908230170667344,2.383909434009573,0.12503229364117796,-0.07834005315872872,0.09646124159553365,0.0
0.03537284793941688,-0.9993741849921154,1.1533705209486218,0.1143013885893946,-0.056309103234019456,-0.11684188641212848,0.0
-0.06477478959979849,-0.9978999081232054,0.14979089363093354,-0.09124940485866152,0.06708876055420225,0.03238382777476591,0.0
-0.1642726244055165,-0.9864149759968793,-0.47568336682503815,0.05279203331373858,0.046279629890210124,0.22427640550213496,0.0
-0.2621225217800676,-0.9650346022685704,-1.5136204782915548,0.022100503873209634,0.024082836825600036,-0.1677118261956397,0.0
-0.3573428786772774,-0.9339732689208169,-0.2631812654958053,-0.0674882525185254,0.10857559040914151,-0.15054395012393662,0.0
-0.44897847087212456,-0.8935425746394677,0.6988062422928355,-0.1546629050446489,0.16059049677310977,-0.06773724970155763,0.0
-0.5361100355053741,-0.8441481089420425,-0.09722604603142587,-0.22061649736804798,-0.04931718025458348,-0.04306363034174071,0.0
-0.6178634928737592,-0.7862853834161221,-0.11747525868884771,-0.07511201037281336,0.056653778424629965,-0.20784181602891838,0.0
-0.6934187149552652,-0.7205348608844604,-0.10041814360759055,0.0011227370676588392,0.0821377070727317,0.06038107210657138,0.0
-0.7620177527061076,-0.6475561323628504,0.37256492216261,0.020676741381692114,-0.08688942748254479,-0.01985226539155402,0.0
-0.82297243959543,-0.5680813002258975,-0.48354937756786115,-0.06483591209609435,-0.06771160898440602,0.16731082007467646,0.0
-0.8756712951011836,-0.4829076339589341,0.43904292908864245,-0.013993589762588252,-0.17675033864032222,0.08247065608503036,0.0
-0.9195856589132163,-0.39288957217155285,-1.5316786591090106,-0.04428915554469463,-0.06974801030588061,0.1540399988081114,0.0
-0.9542749943069602,-0.2989301511063264,-0.030435927401306993,-0.0027819480213831732,-0.1650369831572386,-0.09684604556288692,0.0
-0.9793913074857347,-0.2019719456295434,-0.5797977611558995,-0.01199554687206207,0.05926568374585928,0.1761812299858852,0.0
-0.9946826385580477,-0.10298761358144055,-0.2553191511033927,0.1613109894395477,0.0812808406615968,0.0989869066640805,0.0
-0.9999955891293857,-0.002970138342366097,-1.4944555019343972,0.01668685333489176,0.032940995536886716,-0.012083973562855836,0.0
-0.9952768611523826,0.09707713250122763,-0.3047316191858028,0.09565585885515984,0.07467305980523017,0.030387583935582375,0.0
-0.9805737915980582,0.1961505524616432,-0.5665456105793094,-0.10724848398274406,-0.23429377406728166,0.06100967007124269,0.0
-0.9560338775844459,0.2932562444532915,0.8098317820252646,-0.017112303164209346,-0.02494583331634243,-0.08568628864227545,0.0
-0.9219032967263918,0.3874200710921032,-1.7281762379965862,-0.011544946150843699,0.04215976348981402,0.057610086351647306,0.0
-0.8785244375499641,0.4776974069717348,-0.22956714051749463,-0.03422171012026158,0.05441518547408462,0.0034114344180073263,0.0
-0.8263324647456687,0.5631826148837943,0.7725264483546551,-0.21108768136797673,0.15167343704299568,0.0056030747801872685,0.0
-0.7658509537169058,0.6430181309192656,1.2281608704636506,-0.03223075615612391,-0.06395531884439723,-0.10869733416620082,0.0
-0.6976866382166587,0.7164030673119268,0.6865679325236491,-0.010069764999451763,-0.012226728676122572,0.11584846572642662,0.0
-0.62252332376267,0.7826012467224148,0.3209445935916136,-0.07062008905619827,0.031751791159757785,-0.26116486612752554,0.0
-0.5411150278900442,0.8409485873652186,1.7990142337818353,0.06448912298536452,0.07845290586721256,0.037553376696791374,0.0
-0.4542784160563504,0.8908597648930686,0.14388699288325105,0.17268767278071998,-0.13033537364229444,0.024992172582273257,0.0
-0.3628846090801308,0.9318340842085359,-0.7260617047075731,0.0445724974839602,0.05143682308972102,-0.0590238196355618,0.0
-0.26785044429833255,0.9634605022984523,1.1449670018573863,-0.027845876319987767,0.06061061886206855,-0.07275782665367812,0.0
-0.17012927810828674,0.9854217517034791,-0.215912518561065,-0.10090446320368272,0.12480966588860361,-0.01437517468478922,0.0
-0.07070142216060954,0.9974975232573098,-0.5037915429526142,0.2572475011239063,-0.016723917037183896,0.145901481652834,0.0
0.029435690855533707,0.9995666761671567,1.8604818894067434,0.023028908696321813,0.10289500732036748,0.03965100437750658,0.0
0.12927751318067776,0.9916084532646037,0.5724477465618116,0.0673714015430178,-0.005561723282292151,0.1548296060372818,0.0
0.2278224593297113,0.9737026892357656,0.7761460029984891,-0.22783061520278053,0.029428313323773138,-0.07693089999278147,0.0
0.32408195371982385,0.9460290097418482,-0.279212942292279,-0.1358159032901533,-0.20772752751651868,0.12010020804437634,0.0
0.4170903477867187,0.9088650294643061,-0.6976528691080509,0.08397239829632795,0.06233842853974908,0.20730258480463606,0.0
0.5059146071033245,0.862583567151316,-1.613998246565192,0.05104910224920585,0.07796475925081185,-0.12677660494405885,0.0
0.5896636713225298,0.8076489056034407,-0.0009761881821584676,-0.04915184767145927,0.14437635022428844,0.07620297085539618,0.0
0.6674973930475833,0.7446121341172733,0.06975032227083491,-0.0004668512962331426,-0.2696599066941951,0.12765305547909353,0.0
0.738634965957881,0.67410562011038,0.14344695367923346,-0.19891692182762702,0.09295082740165236,0.07626986554122817,0.0
0.8023627576415389,0.5968366653866576,0.8395888080971803,-0.040756652899676726,0.030889833055359,-0.06591523781815056,0.0
0.8580414685579225,0.5135804106807069,0.16228283669757412,-0.20636583761747876,-0.07808620662017556,-0.15573116068975532,0.0
0.9051125453134257,0.42517205966085303,-0.38444474622919395,-0.11629120003182579,0.03354496691843222,0.12736111004608047,0.0
0.9431037839142828,0.33249850039746287,0.8221137330152981,-0.15450334140514788,0.08471033419468915,-0.046491262882642104,0.0
0.9716340667861363,0.23648940834767637,-1.305261203005927,0.06047331631699642,0.13415807613498879,0.12122597287058501,0.0
0.9904171860398961,0.13810792010892683,-1.6561795886596793,0.06711273636394238,0.0034080878984451704,-0.16152174789939178,0.0
0.9992647146299466,0.03834097149957731,0.5957212109491411,0.1452133317375691,0.02976379441884519,0.0678975214126753,0.0
0.9980878966020337,-0.061810603107622604,0.43432657385111384,-0.10952110494506001,-0.07112839697782207,0.013673510720457444,0.0
0.9868985374683961,-0.16134211087853317,1.751667884241752,-0.0018862908994410938,0.08580810553068252,0.12104634748127163,0.0
0.9658088857781382,-0.25925507931763103,-1.622124798790991,0.01038034717866192,0.08959283061532217,-0.06046764273381986,0.0
0.9350305070709015,-0.3545672726673074,0.05634469977147247,-0.1353307545064494,-0.13071779542774145,-0.003540688695796785,0.0
0.8948721615100165,-0.4463225454247085,-0.6968375674557895,0.06403821615774163,-0.17705102541759205,-0.14332739680456272,0.0
0.8457367064861362,-0.5336004341283682,0.8114277868562711,-0.07889820289889103,0.008715039320878535,-0.10634930758522379,0.0
0.7881170552635628,-0.6155253911925082,0.7121127113386052,-0.026360971188785366,-0.022635733552616808,0.04425239912204609,0.0
0.7225912322110182,-0.6912755681577083,1.5652890140228335,-0.12431498215569443,-0.0034872503171530043,-0.05457223303743989,0.0
0.6498165742214111,-0.7600910602468294,0.09711517256896145,-0.16412950151184308,-0.08430350405313827,-0.09730708559421544,0.0
0.5705231364903367,-0.8212815295190977,1.1044415687015299,0.11333694374607416,0.06622036070786244,-0.13043133189887637,0.0
0.4855063688047307,-0.874233130148958,-1.2486619620434778,0.1395890127991036,-0.020458693444951756,0.00582480549789131,0.0
0.39561913581111247,-0.9184146663572336,1.38436343596961,-0.03052232108312804,-0.11728752368853179,0.02871579484315838,0.0
0.30176316131385944,-0.9533829212199396,-1.8403889286883415,-0.015893259796024305,-0.1064470139625857,0.008249749819187099,0.0
0.20487998243196784,-0.9787871028975997,0.4152183969790531,-0.15950550593724638,0.0030094614327060773,-0.027672654669638214,0.0
0.10594150435966843,-0.9943723636817399,-0.39291948443133057,-0.21126000627557656,0.1014467219935506,0.050250393616400324,0.0
0.005940250482940325,-0.9999823565564544,1.5732378274123944,0.03214394551825486,0.09694128453274774,0.09417042579377836,0.0
-0.0941205943399772,-0.9955608036283317,0.45304876955121004,0.06140942413926671,-0.032618534718446966,0.020169840073560243,0.0
-0.19323724745099155,-0.9811520606906782,0.7985226917319953,-0.08554249692327387,0.09712064218470225,-0.07928020188935529,0.0
-0.2904153980615259,-0.9569006722584981,-0.5996637129559241,-0.3102602927533138,0.06812725013965835,0.0078742733117916,0.0
-0.3846801819027347,-0.9230499215379843,0.3308707251066144,0.01683770746416071,-0.13888066803538224,-0.11646921907003915,0.0
-0.47508596079360793,-0.8799393898768337,0.5523822237092956,-0.1383693770292474,-0.027722391468521602,0.05060839939261204,0.0
-0.5607258090210648,-0.8280015501783027,0.09103378031910367,0.0873624423112326,-0.09822868656358966,-0.012660296803757024,0.0
-0.6407406113673145,-0.7677574284529196,2.1818826594732332,-0.005719521896837575,0.023410207217497293,0.09305739647893096,0.0
-0.7143276815155661,-0.6998113770299794,-0.8692352395573214,0.0543214142225301,-0.12140558298596907,-0.14692950203742672,0.0
-0.7807488143766482,-0.6248450118625082,0.7923968885949638,0.048592158014778106,0.09365532005216946,-0.1673273230315403,0.0
-0.8393376915578392,-0.5436103747449615,-0.5169320356628677,-0.028235034693319547,-0.18018796951032073,0.07176552152110197,0.0
-0.8895065656842722,-0.45692238903841365,-2.260504300507861,0.01358936043533324,-0.05318525965185296,-0.00949362503216116,0.0
-0.930752156517673,-0.3656506845853036,-0.9923052838544427,-0.08683551727188088,0.04376355277606701,-0.06695866142484778,0.0
-0.9626606997242043,-0.27071087382391074,-0.6406081011740099,-0.025696964087222485,-0.1337324780368758,0.06598372056646606,0.0
-0.9849120976435635,-0.1730553666181885,0.19078055025759266,0.03289177680183303,0.09990763556549917,-0.11778057731100011,0.0
-0.9972831304199776,-0.0736638159460259,1.6633485931806404,-0.0636581936551414,0.253024618539531,0.09701178291793887,0.0
-0.9996496952819218,0.026466709707874393,0.23567964247729883,-0.04588138705135763,0.05615131905295128,0.07447421742570552,0.0
-0.9919880515067199,0.1263317286666391,0.056533597910297675,-0.08074967889114809,0.07891251635573614,0.14888652962957286,0.0
-0.974375058580894,0.22492942274295605,1.6674786776326036,-0.22957758611534684,-0.2066030917364754,-0.03609500079904653,0.0
-0.946987405167101,0.32127068720143265,1.0786902189473175,0.0689139148270969,-0.0567597793171437,-0.08819408632968442,0.0
-0.9100998366124471,0.41438905318311337,-0.22543846409908458,-0.08978321965174238,-0.08439387335035606,0.07859602366944458,0.0
-0.8640823987793279,0.5033503830531596,0.740943253625415,0.11150325186129416,-0.04679676012480963,-0.19418821576858603,0.0
-0.8093967258479118,0.5872622414106669,1.5831851835360213,0.03786885824717999,-0.02382402701894451,0.013898678361408108,0.0
-0.7465914093300124,0.6652828477532137,0.6098910746658849,-0.12924568226808378,-0.044200570941905805,-0.018350518338436327,0.0
-0.6762964947511124,0.7366295209855213,-0.9702110039803445,-0.09821648546104564,-0.015188695412904919,0.008025983452281761,0.0
-0.5992171612083065,0.8005865310592344,-1.1417060019945557,0.09534801087789864,0.019355107280016964,0.1661498606405737,0.0
-0.5161266472090702,0.8565122789783717,0.03477348164408328,0.0514332937711685,-0.039257603906517516,0.02920027390028626,0.0
-0.4278584937569002,0.9038457331425959,0.3563120358083618,-0.016825571855476906,-0.12612555571932246,0.00014207812833899405,0.0
-0.33529818249903254,0.9421120574607065,-0.04759999630127986,0.11602745205235968,-0.019192874458646328,0.004300635820791782,0.0
-0.23937425282000596,0.9709273747746862,0.34826412618075964,-0.14221776547288878,-0.06589392472330693,0.0495466367150352,0.0
-0.14104898699195498,0.9900026178089345,-0.4037110936784634,0.06288917084777822,0.07428730818814865,0.10296733807414504,0.0
-0.04130875682560872,0.9991464290130465,0.14879762261135876,-0.10456618148820623,0.006906172861018866,-0.13097546531713464,0.0
0.05884587133829959,0.9982670802077149,0.9068807668562756,0.10368882299136782,-0.04662363234024974,0.05203124629684436,0.0
0.15841017403319754,0.9873733927763965,-1.6047534692576777,-0.14217705138139378,-0.10251772337982251,0.08006701035229816,0.0
0.25638534977397254,0.9665746491716394,0.4089870547811756,0.015607106775384946,0.022732368678360204,-0.008294207326043542,0.0
0.3517885387566103,0.9360794966238118,0.155183456434828,0.015862618374790142,-0.06578776737450696,0.028825230371799373,0.0
0.44366268263529146,0.896193854049924,1.2798740958922659,-0.03600958897301804,0.101931164445206,-0.1430624534095148,0.0
0.5310861254664127,0.847317843159858,1.3781295033099665,0.10472745819683292,-0.06222936289764176,-0.09246703872181199,0.0
0.6131818595055368,0.7899417745462839,-0.2803732864739456,0.06997746555291416,-0.15587550334080633,0.26385337113340396,0.0
0.6891263231059708,0.724641229024712,0.9315904262041289,0.10051415250846918,0.08265879240260296,0.04024642455524603,0.0
0.7581576624609077,0.6520712835663081,-0.28413440233769827,-0.049932721921818066,-0.006685553812152016,0.027680584491170248,0.0
0.8195833743096362,0.572959939747301,-0.20145992370240945,0.02982983091487685,-0.05938978492864007,0.09416925106639282,0.0
0.8727872529382843,0.48810082063897764,-0.134658815153025,0.06686909745021606,-0.20293074165667158,-0.03175619533683018,0.0
0.9172355717847236,0.39834520940103085,-0.10781266385992995,0.0965992340864691,0.010022823070877549,-0.1946200286940742,0.0
0.9524824376354963,0.30459350944487107,1.2659906034492603,0.06285486193859642,0.05771415087510056,-0.03817146995344406,0.0
0.9781742637029258,0.20778621183620172,0.31901105223254506,-0.18525919639557104,-0.16821396488745327,-0.03643509172833512,0.0
0.9940533167097546,0.10889446054936035,0.323064211104111,-0.19676992812963645,0.0966763152362798,6.040686531176266e-05,0.0
0.9999603023979404,0.00891031022016196,-0.9937599032065996,0.013635888822935385,-0.1580276315256108,-0.11282125677664177,0.0
0.9958359635244936,-0.09116322587120013,-0.7037835092310187,0.03949630546082911,-0.17222846704117806,0.01985982684392822,0.0
0.981721674313713,-0.1903222377513463,0.5206230217033643,0.03196809121187652,0.05554134734859032,0.14863207245119092,0.0
0.9577590254024381,-0.28757198970026976,3.1494339908461684,0.088375831241361,0.009828963398198897,0.10090953934787864,0.0
0.9241884034420276,-0.3819368991643464,0.8672300066550421,-0.0787980641308717,0.0442679281207232,-0.3067464461520823,0.0
0.8813465796061095,-0.4724703235300728,0.449975858073246,0.14004456954020775,-0.02002055908277817,0.1443336312874374,0.0
0.8296633311955242,-0.5582640565803481,-1.1145528111169418,-0.0557847544665229,-0.11566542953879551,0.08895910258463208,0.0
0.7696571302315727,-0.6384574393674961,-0.06462425496533444,0.09840172010258545,0.12461470938817745,-0.023048952402748513,0.0
0.7019299422884238,-0.7122459941052459,-1.6414162599382802,-0.10175876040196566,-0.00017630446622661288,-0.020035455391691805,0.0
0.6271611877413439,-0.7788894944668767,0.03754295401033886,0.010368812211825975,-0.06838725094277523,0.011212916761311085,0.0
0.546100926009823,-0.8377193913305421,-1.311064314913078,-0.24847166210422494,0.05672715414619359,0.12720706739088844,0.0
0.45956233116940004,-0.888145519478732,-0.13281133653852156,-0.020543628620081064,0.08411470062772267,-0.16190911083048956,0.0
0.36841353441475694,-0.9296620179721374,-1.47243070405852,0.07630080107296824,-0.016143178040416255,0.07040978962727067,0.0
0.27356891520821225,-0.9618524048063726,-0.1513934849994947,-0.10466301847127751,0.17562352378616955,-0.028543069157873392,0.0
0.17597992847842858,-0.9843937549439895,-0.7014384466629968,0.23355935956454257,-0.04314615126094532,0.07744480687824219,0.0
0.07662555988832007,-0.9970599398089371,-0.6043394406620064,-0.04452247660677417,0.06545068210686956,-0.16692572763713023,0.0
-0.02349749507775086,-0.9997238957457559,1.2894297877846086,0.13341680269069578,0.08157219108238456,-0.14159089767519803,0.0
-0.12338482968678034,-0.9923588986869439,0.5320665191559699,0.10595374282405544,-0.013900441174269985,0.11553982545890343,0.0
-0.22203440188703866,-0.9750388322413959,-0.27481712796094043,0.19242324636187902,0.0439130736887876,-0.04126298744685106,0.0
-0.31845658651617637,-0.9479374465145182,2.015885563584331,-0.03642842729099253,0.11065755633639732,0.049705286934004236,0.0
-0.4116841029465104,-0.9113266150953384,0.19573912575995808,-0.1820330322713881,0.16378959898594092,-0.031030253553127864,0.0
-0.5007817185761682,-0.8655736076960177,0.2617740413899375,0.025895359204512327,0.07272074273800663,0.0028649633574208302,0.0
-0.5848556308232783,-0.811137405803915,-1.1802018871259379,-0.07405226399854395,-0.04536225613156053,-0.05376009927790653,0.0
-0.6630624335057181,-0.7485640983065345,-1.1164022916091842,-0.03418983835233075,-0.09147418532452384,0.04334648240444055,0.0
-0.7346175776581455,-0.678481403279175,-1.645754610959542,-0.009930388300081111,-0.06735021306443517,0.06948060104666323,0.0
-0.7988032419097228,-0.601592370891218,1.3438264172746528,0.018663599815404105,-0.11596824039337708,0.1381785132322249,0.0
-0.854975533469137,-0.5186683306017098,-0.026822931629388938,-0.06628702013982712,0.22214408875035271,0.1531650098656775,0.0
-0.9025709474785973,-0.4305411533960339,1.0906184919517368,0.16978507814183166,0.04003349060916098,0.07067386491865345,0.0
-0.9411120199383514,-0.3380949066868001,0.8015251529880709,-0.11986845998487171,-0.10339830153154317,0.022415704215202552,0.0
-0.9702121174931843,-0.24225698559461953,-0.6431164135103289,-0.12396723895643338,0.2074611666977147,-0.15007819537341135,0.0
-0.9895793160310629,-0.14398880957732021,0.1624037811097582,-0.06857219339056282,0.06513552054021969,-0.03001714100569274,0.0
-0.9990193291849002,-0.044276177736475165,1.8232164026440822,0.11657504787901185,0.00935653340321445,0.06317463735213671,0.0
-0.9984374573595374,0.05588062044592815,0.4845547431968594,0.18411809360351464,0.0271531613494655,-0.0496216185683484,0.0
-0.9878395377318299,0.15547683973429863,-0.6102380607190678,0.007893257949210475,-0.0044578134105923446,-0.030042164218398462,0.0
-0.967331885693707,0.2535133584651053,1.7371834725683766,0.06080254267925596,0.08282260950826256,0.019597597127072555,0.0
-0.9371202283256335,0.34900670145845714,-0.38890696002512254,0.08883956134973683,-0.04207690208087564,0.11517665868040483,0.0
-0.8975076405995607,0.44099890596849545,-0.15498401218259214,-0.02441805997460868,0.01423456261047098,-0.0014290486818359688,0.0
-0.8488915050148281,0.5285671317000897,0.3357339298714699,-0.05804927702856073,-0.08979962416585344,-0.008045544142136249,0.0
-0.7917595251670844,0.6108329184868749,0.8854203203253839,0.003322159209057201,0.13965159608663835,0.03700886571294839,0.0
-0.7266848332409998,0.6869709987601371,2.5310873761290393,0.006781666922726696,0.11082011300498858,0.006582709031513381,0.0
-0.65432024050708,0.756217576404276,1.341980634721323,-0.024462264337028666,0.048877479468778705,0.1271546341931287,0.0
-0.5753916884999424,0.8178779889477312,2.3693615123175027,0.07208441643931304,-0.03162431066878281,0.1933573268422777,0.0
-0.4906909665740914,0.8713336762243176,-1.9374066833313257,0.03068296455472809,0.0738570880899388,0.1374242589073576,0.0
-0.4010677688925939,0.9160483855973531,0.1461416745443841,0.01522298499217077,-0.00868877334952818,0.08345357427011564,0.0
-0.3074211705307625,0.9515735514974635,-0.4917806113954813,-0.047315800294999794,0.008407980170552587,0.05318649156074265,0.0
-0.21069060820424568,0.9775527953080207,-1.480986026884696,0.019398348811165984,0.1688654929791435,0.010420943232131333,0.0
-0.11184645610030185,0.9937255004566419,-1.3892011969322777,-0.025524920526663594,0.07204167866543867,-0.045924394786338335,0.0
-0.011880291352932565,0.9999294268483998,0.7761597194185722,-0.07915143047646628,-0.06121887000162764,-0.08547863037744675,0.0
0.08820505318403661,0.9961023384134792,-1.6212903709755364,-0.06736960996066026,0.13475038897768513,-0.06044507916135855,0.0
0.1874055490781678,0.9822826274421789,0.5034851422128963,-0.2038596811408264,0.00042431431997639723,0.13505672740150088,0.0
0.28472604445333594,0.9586089294440966,0.6603822182429956,0.07256201662221572,0.06898151764235998,-0.11222616851721719,0.0
0.37919024707746973,0.9253187323951285,0.15989980878885288,-0.17623692014850445,0.12505152658863225,0.03355843287201234,0.0
0.4698505182556037,0.8827459943239282,0.9505670041228481,0.03701477929386829,0.011975547620997952,0.03693561250791992,0.0
0.5557973792785869,0.831317793137531,-0.632059523986531,0.06810854709090468,0.08673276598040339,0.00022799868699492688,0.0
0.6361686350613635,0.771550042294187,-0.47845735963897534,0.18203401166627597,0.018895487734958086,0.05607173228932184,0.0
0.7101580234450735,0.704042315302558,-1.121442246131615,-0.051412487086329395,0.08671270492402544,0.045933645439094326,0.0
0.7770233033955394,0.6294718309664726,0.9056358429056558,-0.0028044052857602053,0.04760959201722692,0.07149999398227878,0.0
0.8360937009595534,0.5485866597136289,-1.1679356093681552,-0.08166696874113688,-0.06423355480113105,-0.19765364803899696,0.0
0.8867766382832447,0.4621982191604241,-0.22090402716472796,0.1251048781125682,0.053286954827177484,0.17610083625375217,0.0
0.9285636781888492,0.3711731341953446,1.337978235737457,0.04895903895352186,0.002656781075629015,-0.09371862307202983,0.0
0.961035624675526,0.2764245432383339,-0.6439637810733203,-0.19546583530720998,0.07607408451769804,0.04755786877894084,0.0
0.9838667281774419,0.17890293788928,-1.6628231536911453,-0.1001111103435616,-0.17518567954415684,0.11312936523651473,0.0
0.9968279533931185,0.07958662785975341,-1.9403708171413387,-0.08672024585847721,-0.09487107186093896,0.013129208570417043,0.0
0.9997892769040817,-0.020528073158808016,1.6251937095366307,-0.14011345001488054,0.002836060412197868,0.03281936576125136,0.0
0.9927209915337581,-0.12043684223788079,-0.1835092689092273,0.07724000165403731,-0.11831813525723196,-0.08450296551102084,0.0
0.975694004361632,-0.21913742230108396,-1.146475016616536,-0.0021214937742786754,-0.02480264384690092,-0.06720482064546003,0.0
0.948879125403082,-0.31563967648931957,0.28475433299144487,0.1957380720313141,-0.12701296565275463,0.039961551519349374,0.0
0.9125453540906558,-0.408975520939285,-0.24356924175481218,0.042776851632978286,-0.17018187321629133,0.0698833259989312,0.0
0.867057180746326,-0.49820863633244344,-0.9021990223973274,-0.17516796166416493,-0.2971784172937568,-0.1300852257924463,0.0
0.8128709301156246,-0.5824438607908572,-0.21815775827179693,0.011746456737438977,0.07959682891590547,-0.04164471783049646,0.0
0.7505301836442884,-0.6608361698930159,0.6242583933026131,-0.10704578848115205,0.13643257279336363,-0.057988316131806356,0.0
0.6806603264198695,-0.7325991537245976,2.1799152616429613,0.029359405979235587,0.03742050534285152,0.006938646611335252,0.0
0.6039622734819099,-0.7970129059247176,0.8829293324491901,-0.09497577429273261,0.0002372007722710698,-0.06785163381800119,0.0
0.5212054384365533,-0.8534312455869894,-0.001868762754168398,0.10830253548967245,-0.14376543793361282,-0.1083757411627958,0.0
0.433220014912524,-0.9012881995672597,0.7833767983316906,0.10827137055179331,0.07164829112689877,0.05172344299259514,0.0
0.3408886482887919,-0.9401036801692888,0.09275468895856023,-0.07757937882247323,-0.006117652362526844,-0.15495498502094426,0.0
0.24513758124079538,-0.9694883012514449,-1.2067590114864009,-0.2103561529371151,-0.07976123664618195,0.11402249727881064,0.0
0.14692736193066755,-0.98914728444054,0.4148581089056001,-0.09986868192385992,0.06327013548327014,0.09022934564278456,0.0
0.0472432080543608,-0.9988834162667495,-0.14211538095491147,0.026118587406815275,0.09373236018825794,-0.06915274183446933,0.0
-0.05291487658918344,-0.9985990265544782,0.6986387311546625,0.013212782074013333,0.10581087483920636,0.19171715520215055,1.0
-0.15254213385895252,-0.9882969682224859,-2.3346226058899537,0.037970416201124006,0.029646585169331302,0.039631891629279256,1.0
-0.2506391307269899,-0.9680805886641973,-0.6898813452836616,0.06667114623670699,0.19330740722615947,-0.2219241601050925,1.0
-0.3462217853134967,-0.9381526929953008,1.2178728716293497,0.10010144815894217,-0.05944774412987606,0.2127282013252704,1.0
-0.4383312389234689,-0.8988135095690412,-1.038077300115895,-0.11557414072936233,0.09744101745463488,-0.056701667146838414,1.0
-0.5260434750513074,-0.8504576781686108,0.9365119210364447,-0.06892935893192395,-0.018876167389803425,-0.07489776763186937,1.0
-0.6084785888582722,-0.7935702910902385,1.0727478507934887,0.10849836255118234,-0.09221344543030846,-0.09438023948668549,1.0
-0.6848096141339208,-0.728722026831734,1.1798643012580832,0.05599318856498792,-0.0507680694257193,-0.02396249223839712,1.0
-0.7542708191918762,-0.6565634252040057,0.22971281457421752,0.02470339492887568,0.054997140193680044,-0.0481772571827736,1.0
-0.8161653884778513,-0.5778183612960028,-0.6051673358680152,0.11110773090174463,-0.06684027157642407,0.08527891023138545,1.0
-0.8698724128301355,-0.4932767837604749,-2.140104710458315,-0.05300223212785689,-0.015365662972680298,0.17971915499714256,1.0
-0.9148531182681727,-0.403786790268083,-0.2005435921404862,-0.03733072122713751,0.006292789339148053,-0.0647805585182422,1.0
-0.9506562708237994,-0.3102461196266393,0.7612625568407981,-0.07870599274491316,0.0817146906699271,0.06377734586544004,1.0
-0.9769227031953182,-0.21359314591426476,0.9476889898127576,0.06895762801741816,-0.022855124216984615,0.11445602980854537,1.0
-0.9933889178143119,-0.11479746497074854,-0.1372350481952754,0.10525379008358356,-0.10908337475581276,-0.19530341893323216,1.0
-0.9998897301802088,-0.014850167680847135,-1.035176382158889,-0.09899763123474763,0.03049995550163741,0.0324983886150812,1.0
-0.9963599259453981,0.08524610237471708,1.8875792058817102,-0.0732789131567513,-0.014393540240255041,0.018957039342293938,1.0
-0.9828349151274919,0.1844872071617323,1.928783552310484,-0.04266205812397384,0.14258263009046615,0.11997011892093762,1.0
-0.9594503768858402,0.28187758742691693,-0.12571654141938904,0.12785829489749198,-0.020924785380718208,0.01179729124268281,1.0
-0.926440898425819,0.3764402498723553,0.6746738131140737,-0.327302216339973,0.08968280474120756,0.06531211965498067,1.0
-0.8841376216850134,0.467226568081448,1.4916004596266301,0.05175410693299243,-0.043935877886163266,-0.06499489195868058,0.0
-0.832964921409088,0.5533257988761702,1.16888358353355,-0.07900028511880597,0.13450555435857248,0.20231941453101066,0.0
-0.7734361479419845,0.6338742186401531,1.2424715512478346,-0.031699559494371456,-0.24295089395549296,-0.13580482208283268,0.0
-0.7061484774375714,0.708063787954588,-1.3207468080227793,-0.0597736327957082,-0.045217776404094905,-0.17789774032509442,0.0
-0.631776921153998,0.7751502576256909,-1.7516363864640456,-0.00038584568459906505,0.07980728408009559,0.05300913984598217,0.0
-0.5510675539278829,0.8344606347862911,-0.15696615913272974,0.035521091674451964,-0.08333810969922134,-0.01410676417926223,0.0
-0.4648300297583608,0.8853999341737278,0.8791711833537948,-0.27945697634179184,0.07210340086777088,-0.0295813553322847,0.0
-0.37392945958259133,0.9274571468570778,0.018335677902075572,-0.04482690818449312,-0.007764319317565623,0.016852843533780998,0.0
-0.2792777327226676,0.9602103665370866,1.1942127862301553,-0.21052398222320337,0.21737681823502972,0.06900456957416916,0.0
-0.18182436906470653,0.9833310219932153,-1.9656439164800494,-0.3345753222870068,0.04291581410804501,-0.16008907413723233,0.0
-0.08254699373855053,0.9965871732190454,0.8104005561833385,0.03635971465901698,0.01622462268158667,-0.09064038121526341,0.0
0.01755847014651406,0.9998458381801236,-1.2938877095831502,-0.08173222987568757,-0.004060863642069616,-0.15157968126336058,0.0
0.11748779232632638,0.9930743268528726,-0.8071828644957026,0.024259834172405875,-0.09177086449278599,0.08862279824054196,0.0
0.21623850954149626,0.9763405691618433,-0.3189623627658622,-0.021922742612288004,0.07626273760060781,0.0600191749509118,0.0
0.3128199819709154,0.9498124335255441,0.2203977091285974,-0.2030410461080288,0.04081206888102767,-0.014793801173101041,0.0
0.406263331055845,0.9137560428470002,-1.3044464378745313,0.10182476269854922,-0.11393711840295456,0.07762816542765921,0.0
0.49563115902105115,0.8685331048425555,1.099322081850625,-0.08328377343322238,-0.10413291635646747,0.1039441469230958,0.0
0.580026952589416,0.8145972834903364,-0.041689154634375405,-0.0923133079996482,-0.00018347075492487771,0.06457371404852102,0.0
0.6586040765546282,0.7524896479989778,-0.19024790858488777,0.03232444957079737,0.16811622805238657,0.13326857487421107,0.0
0.7305742669908913,0.6828332449512998,-0.2963081284888905,-0.0824480321088546,0.09529345432423653,0.06776627975221729,0.0
0.7952155388981004,0.6063268480737133,-0.5634309964421763,-0.16239586878875065,-0.027314572691643453,0.03719922106529369,0.0
0.8518794289552367,0.5237379483318921,-0.6354976892869199,-0.0620455608243769,-0.09562041540525164,-0.014957267701214591,0.0
0.8999975007246531,0.4358950546741475,0.30530629773956147,0.14304542861498568,0.03318515989103119,-0.04069712310527662,0.0
0.9390870470488316,0.34367938265934067,0.4619596192962467,-0.03647916019529709,-0.049912968479637665,-0.07913936380021136,0.0
0.9687559324347879,0.24801601434666412,-0.18906143730047828,0.12646890720401704,-0.07075907172461272,0.17380910563109198,0.0
0.9887065268486369,0.14986461812884852,1.136087081277942,0.007089442785587505,-0.13098750993359037,-0.041448151757714,0.0
0.998738691457583,0.05020982160489018,-0.024882375101258805,-0.027899162502178665,-0.09014942327738995,0.07022584888860262,0.0
0.9987517863672156,-0.04994866593109031,-0.6367847161310766,0.07278200473318107,0.12595511433256867,-0.002164411475749579,0.0
0.9887456802130314,-0.14960608229637506,-0.11295797174409859,0.04623231533087605,-0.025274387568893525,0.01821275148064506,0.0
0.9688207514782461,-0.24776269191532152,-0.9860021524611108,-0.10922281928610647,0.1790035628625351,-0.014017361688900604,0.0
0.9391768815246776,-0.34343381488953845,1.3207896361131404,-0.11175941126594247,-0.19107743264012747,-0.05141103767479589,0.0
0.9001114494383274,-0.4356597050336802,0.33482221237350973,0.0005311275786295273,0.07972509645967903,0.08509103639467636,0.0
0.852016348804831,-0.5235151777831132,0.8140942056911944,-0.09917063374081526,-0.016114185720452086,0.08718061175511964,0.0
0.7953740563416378,-0.6061188913890154,0.2956461581431329,-0.08622788614408562,0.003973821405424931,0.16842568946728695,0.0
0.7307527918253199,-0.6826421882944977,0.22327215071932457,-0.08582371262794153,0.016428273848580335,0.2051111300237273,0.0
0.6588008178682967,-0.752317407997491,0.476382192970883,-0.018632905384086147,-0.08117707645967066,-0.05408391241626107,0.0
0.5802399367280028,-0.8144455880081144,-0.037114588534649384,0.03174870288176457,-0.12965300364031554,0.1839078650420041,0.0
0.495858249386718,-0.8684034756466256,-1.1114318870586934,0.00047378710866390495,0.07776924641189352,-0.11227233938232124,0.0
0.4065022495409936,-0.9136497803415222,0.2667537868783465,0.03002583586452098,-0.16943640015596972,0.024789265732360358,0.0
0.31306833181153154,-0.9497306037065167,1.282814498694027,-0.05525039969929873,0.07931901172002753,0.11039045803074575,0.0
0.21649379936082236,-0.9762839929233276,-0.09510101873424393,0.11879453278635901,0.061363453431856924,-0.019325828369016536,0.0
0.11774746112766202,-0.9930435717520102,-0.23855573487606907,-0.08939683320289182,0.07143943577828944,-0.11781027481200868,0.0
0.017819913004425224,-0.999841212743561,0.26425114492327995,0.08561618520602257,-0.05121491242638468,0.044436919525846746,0.0
-0.08228639954634166,-0.9966087238478799,-0.06378334845605024,-0.03152211772319591,-0.035181951456507175,0.044567326103132576,0.0
-0.18156723774689523,-0.9833785324975131,-0.6068666438213848,-0.027887858068209995,0.07540609522479552,-0.1081413538336875,0.0
-0.2790266437493635,-0.9602833603046372,-0.2524117483710263,-0.16190930301258455,-0.2709960586331817,-0.027042844388965637,0.0
-0.3736869318087685,-0.92755489163464,1.5516158561369036,0.00887357302039059,0.09886859434720979,0.08011211439551152,0.0
-0.46459849615541365,-0.8855214494127899,0.10538634997775899,0.14392104519759188,-0.03269726364999888,-0.02004855554081066,0.0
-0.5508493371767407,-0.8346047014796558,-1.0741564215235124,-0.22818680517193127,0.025216034196824284,-0.016859445548595534,0.0
-0.6315742103446146,-0.775315430536228,-2.0293102390852575,0.04715591246657196,0.005555826777061811,-0.03898641775024108,0.0
-0.7059633061085919,-0.7082484101134477,0.5060448756033499,-0.052440635909774505,-0.011873186448093195,-0.005142513655088302,0.0
-0.7732703736808564,-0.6340764379690107,1.1307905948360781,0.12741497489136402,0.10975376683765298,0.006813185478246113,0.0
-0.8328202072172433,-0.5535435867667767,1.208816054187489,0.026941374944030205,0.16153849731220715,0.045398880505691866,0.0
-0.8840154192951077,-0.4674577397460597,0.34843942390350624,-0.053372384684800316,0.08705333112166302,0.020169748951807582,0.0
-0.9263424337383562,-0.37668248626090794,1.7700361580058843,-0.03219269212270015,-0.0007160559743761145,-0.017932188094048177,0.0
-0.9593766376712687,-0.2821284584911123,0.5944715734773672,0.005803487378601246,0.11013302105339265,-0.0014580176563716478,0.0
-0.9827866411171707,-0.18474419623260016,-0.35186072568962207,0.051692901140315786,0.11943387711434268,-0.03015278983957422,0.0
-0.9963376014108186,-0.08550663140912967,-1.452788295268112,0.15225557158905334,-0.07111719118127274,0.009384435339673099,0.0
-0.9998935790749126,0.014588712237940109,0.4893898421545971,0.1946229059596988,-0.17203758318872142,0.12034680599066282,0.0
-0.9934189015272549,0.11453770596787055,-1.8748443982326708,0.07421545390852989,0.029226520162030208,-0.03677254869016201,0.0
-0.9769785209382026,0.2133376891817337,-0.7612144674150636,-0.005906105777248247,-0.07330692787744675,0.06527263471295675,0.0
-0.9507373626485021,0.30999752783557905,1.3849412788659443,0.03523792500009239,0.10962035270642859,-0.22825868202341787,0.0
-0.9149586706839885,0.4035475572224278,-0.9396252798072053,-0.01544097962621141,0.22368707262892606,-0.1841725842674836,0.0
-0.8700013669644856,0.49304930937982916,1.204089469866023,-0.07658477457032176,0.0361966722632092,0.21348389252010677,0.0
-0.8163164506986077,0.5776049275402934,0.1966695315249594,-0.12231666799229382,0.14475572843398246,0.0027183115739428877,0.0
-0.7544424740847153,0.6563661731815051,-2.391456745047475,0.12054373567616994,-0.14220782920859346,-0.10007524023137056,0.0
-0.6850001397045409,0.7285429353200534,0.5964960532781663,-0.0025498814074769623,0.09251968201031965,-0.03667824065985568,0.0
-0.608686073806963,0.7934111566857781,-1.6020138008359712,-0.017107106284947906,-0.05182119289501699,0.0015666228409682553,0.0
-0.5262658379465791,0.8503200972636039,0.4876289863156941,0.1792655487539295,0.03707475822044525,0.013373850061403,0.0
-0.4385662490823959,0.8986988623369888,-0.1632738354777808,0.07049806272447774,0.07012415052540176,-0.14829353595782335,0.0
-0.3464670851793101,0.9380621295454543,0.23152610197426954,-0.02538333794636124,-0.394772108806384,0.03291064080677933,0.0
-0.2508922595194337,0.9680150175039812,-0.1774664927450119,-0.07457044653479365,0.06436076730815421,0.08201313377156988,0.0
-0.15280055226014905,0.988257047143603,-0.5257358156296337,0.12092846093505537,-0.03211967287687168,0.10036943443307347,0.0
-0.05317599221736623,0.9985851560341255,0.0031711916717044298,0.0818909039350472,-0.061075659373460114,0.09449771103909735,0.0
0.04698201463879163,0.9988957354501421,-1.3481185954943067,0.026492159724172577,0.0077358007451449875,0.08943088265684036,0.0
0.14666871094765338,0.9891856697450452,1.894159872348539,-0.021493146987725233,-0.04545676109427652,-0.003242464179841125,0.0
0.24488406740529897,0.9695523676063285,0.39097221563493567,-0.12351268670632183,0.020886519574842888,0.06187645922370906,0.0
0.3406428147813361,0.9401927848786377,1.0238803173259972,-0.04396193125488928,-0.08343835572357182,-0.01645487316543797,0.0
0.43298432786670993,0.90140144875733,0.28641037633242344,0.11227398251250818,0.007514412180587818,-0.10509423551138504,0.0
0.5209822621994914,0.8535675031732993,-0.022957126369403322,-0.03392947741815558,-0.07831578937613931,-0.02343748564642602,0.0
0.603753846895748,0.7971708050089302,1.8913342788331315,0.025184577950393167,0.19862903815642063,-0.042355600654982804,0.0
0.6804687403623353,0.7327771103068768,1.0263103916537015,0.2013456117046245,0.002069657545116997,-0.22787678877084272,0.0
0.7503573600536083,0.661032398762254,0.6340390320385718,-0.020583886600686666,0.06221639849229585,0.054827221650269126,0.0
0.8127186027101555,0.5826563934334305,-1.0783142995777522,-0.11539222725006465,0.02712291293084806,-0.11927541993202018,0.0
0.8669268776323714,0.49843534067979894,0.6258969708363229,-0.05892037690997387,0.00490364987824537,0.10486159138705152,0.0
0.9124383824329345,0.4092141227562532,-1.6805189126845974,-0.06337215057500424,-0.05035090005000094,-0.11537231916558728,0.0
0.9487965583116125,0.31588778218861036,1.2604834062916985,-0.057803787035069644,-0.05793062223086766,-0.07198091737217391,0.0
0.9756366701265852,0.2193925429551079,0.9177805232282774,0.26533642061958357,-0.12774805036308645,0.027606089007765084,0.0
0.9926894653162889,0.12069641854695018,-0.8409243338798669,-0.014485845547004848,-0.014906201963728034,0.12044966577563897,0.0
0.9997838749664646,0.020789501125342072,0.7405681978993416,-0.055679560435271336,-0.06657772974341852,0.08185162365190908,0.0
0.9968487299260939,-0.07932597080864282,-0.4189953869830902,0.10779293863789252,-0.0791990860270762,0.024947456165538878,0.0
0.9839134747565903,-0.17864566659287467,0.35432198916519647,-0.14485988986470805,0.06392504327092534,-0.08646580272041632,0.0
0.9611078723521227,-0.27617323857096643,0.1695462478393415,-0.04794946905783852,0.11143786452262366,-0.07692351129848252,0.0
0.928660702194233,-0.37093031717576547,-1.0694398317738694,0.15989663256991415,0.14961678052332913,-0.06667176095243371,0.0
0.8868974652994871,-0.46196632566167095,0.5811390223202623,-0.01149011501405773,0.16771865206647296,0.05248893696982093,0.0
0.8362371188835191,-0.5483680160270027,-1.9372057894130763,-0.12700795917218094,-0.03880392721563501,0.035349089649278666,0.0
0.7771878734983727,-0.6292686304648256,-1.0996215220786514,0.1395541540280481,0.07919079858266975,-0.10966965181290965,0.0
0.7103420948051221,-0.703856596436995,-1.4891916845933069,-0.07998698224838996,0.0433624365219735,0.04705334779373501,0.0
0.6363703611257657,-0.7713836681448879,-0.10077942043087817,0.052290200869863926,-0.1397517812913949,-0.027040685031413672,0.0
0.5560147363873923,-0.8311724327238353,2.427345501218752,-0.002921662235257023,0.020726618349138942,0.03092852445012101,0.0
0.47008132594254326,-0.8826231058612166,0.6760537454795241,-0.17176899362646006,0.1391851326912824,-0.14486733951214112,0.0
0.3794321899438054,-0.9252195486663952,0.40284159101704886,-0.017902427215636087,-0.009550426896318841,-0.034833429327954045,0.0
0.284976695395303,-0.9585344454330125,-0.9756635879404216,0.028433042839161673,0.05686193917490501,0.0850967849453585,0.0
0.18766239363499765,-0.9822335903516959,0.2830091594711629,0.08954005173722074,0.15636173339899234,-0.02827237075428406,0.0
0.08846551476232967,-0.9960792401700961,-1.0592482385693887,0.06409776717573344,-0.052357882143542527,0.010923325163068657,0.0
-0.01161882563151838,-0.999932499167291,0.23775810398279273,-0.1123392588467585,0.10453954284657044,-0.0924024755722068,0.0
-0.11158660918741176,-0.9937547125171562,0.17813179899383003,-0.021675964619027054,-0.02453703699337044,0.05195087730230763,0.0
-0.21043498681208292,-0.9776078540628642,0.13810956632423618,0.023745338142641792,0.08794851450450686,-0.06675639717170621,0.0
-0.3071723389822707,-0.9516539046124705,0.10640097792843528,-0.04160416917406429,-0.0927615151967065,0.08431053207682093,0.0
-0.4008282233968906,-0.9161532269923478,1.426832240694644,-0.08081019254603335,-0.010124626258469901,-0.04774735176343195,0.0
-0.49046311018518995,-0.871461954159486,-1.4553893793095103,0.03635782414310374,0.14447072280581028,0.09943489667277283,0.0
-0.5751778070099647,-0.8180284165743925,2.405269873544665,-0.01693788106225175,-0.048006729681827495,-0.11817733126316782,0.0
-0.6541224795158511,-0.7563886446741748,0.5970333498478556,-0.1277305354254646,-0.06603476607605911,-0.04889561726206286,0.0
-0.7265051766319661,-0.6871609915638079,0.021192231203118587,0.020109444799580396,0.09835467823201859,-0.04965183847436101,0.0
-0.7915997752055437,-0.6110399298691802,0.45368787993631393,0.23488123163250216,-0.041478474793353766,-0.06328722687283465,0.0
-0.8487532642681135,-0.5287890849802233,0.09943774980065936,0.13967604720520138,0.08006073299155765,-0.06317048651087344,0.0
-0.89739229586052,-0.4412335745726801,0.1581086021115942,0.0013265007852440382,-0.1570710057996653,0.10184062406719277,0.0
-0.9370289367007126,-0.3492517312563131,-0.6078203291164889,0.08531320046721363,0.08192759070132952,-0.29776566331979004,0.0
-0.9672655629951848,-0.25376629138561363,-0.8441261684807919,0.07983132446526935,-0.028337588349175203,-0.11829646879094032,0.0
-0.9877988492906318,-0.15573513842451794,-1.4063669883417589,-0.02596413592896689,-0.08185017495074236,0.012204693737249535,0.0
-0.9984228113508267,-0.05614169372499936,0.8683751659695949,0.04423777097471318,0.10689684018536774,0.13959958282468024,0.0
-0.9990308725333761,0.04401494888332096,-0.11669246969812648,0.015587413161506856,-0.08677670650561117,-0.043143161664579814,0.0
-0.989616932937054,0.14373004572551387,-1.6632822894826746,-0.022437878544562077,0.07131522956400256,0.1858350166947138,0.0
-0.970275430594317,0.2420032825913993,-1.8553729439738376,0.05756316155449514,-0.06331467250108029,-0.06823900069661253,0.0
-0.9412003940951447,0.33784880961037045,-0.06013605546325908,0.10487041173963496,0.07530415491209702,0.05769413464058412,0.0
-0.9026834961460085,0.43030513102404316,0.3134193730712532,-0.22680768188127984,0.06273507675871706,0.0496991080368448,0.0
-0.8551111275901336,0.5184447506451678,-1.3475278029782203,-0.26812256324653505,-0.0531916177457936,0.0654419968155802,0.0
-0.7989605212416678,0.6013834762422745,-0.16889863651433124,-0.09645614744287781,-0.03907712569092081,-0.1318036658762132,0.0
-0.7347949644183859,0.6782892895110338,-0.5688668164751667,-0.12191319109703268,-0.07020433001276476,-0.055502343367821755,0.0
-0.6632581481994431,0.7483906926512687,-0.8155851812125603,0.07346864349141256,0.120712877702821,-0.14959335913143473,0.0
-0.5850677100949301,0.8109844478189917,-0.2990316918271631,-0.02965594805266214,0.10490857663094542,0.054079108823569845,0.0
-0.5010080349052852,0.8654426318135388,1.5212833455753383,-0.10196109629749722,0.08741871178545674,0.10742436280643233,0.0
-0.4119223859904147,0.9112189352290501,0.7033996913039603,0.13031190949922553,0.044418921199190456,-0.06836223979011807,0.0
-0.3187044458854208,0.9478541428789911,-0.6378080019212201,-0.0930000548501827,0.16421431566554878,-0.045841150771986,0.0
-0.22228935112514855,0.9749807405156065,0.6764708186165134,-0.051698803880638224,-0.09714377029404754,0.05422944435145338,0.0
-0.12364431121366316,0.9923266016309846,-0.5749203460958696,-0.03244404223587002,-0.09583401635782228,-0.041592326067793964,0.0
-0.023758905846659722,0.9997177173547389,0.8089111014637248,0.04490574284344107,0.0009307280898597042,0.1812433188413038,0.0
0.07636484227775679,0.9970799420627683,-0.5845283768724935,-0.0334567480842577,0.1998931552843692,0.008692123827383479,0.0
0.17572251947300832,0.9844397371856025,0.09221227834560998,0.10751935725065725,0.12083073756583676,-0.07055977194139056,0.0
0.273317397063721,0.9619239057546664,0.14030999192160507,0.20576344971822064,-0.23033126029693332,-0.11096532974063754,0.0
0.36817043029149377,0.9297583203494209,-0.557194966574873,0.025713955643800104,-0.14569117233080325,0.1813844340131442,0.0
0.459330079820547,0.8882656572062493,3.094415631829651,0.10352352508753981,0.05345058664232444,0.02997897756968523,0.0
0.5458818573165293,0.8378621592199139,1.6574230004147485,0.08744344055043861,-0.12141331001749756,-0.046539687713484296,0.0
0.6269574993400155,0.7790534603102115,-0.6723613707354817,0.011191230350060862,-0.042744624034211476,0.012794552872290504,0.0
0.7017436775246397,0.7124295130426549,0.8276410800700721,-0.12202066430625869,0.09274789480332647,0.010215982855490026,0.0
0.7694901576618087,0.6386586703878722,0.6468516577170428,-0.18571298911647016,-0.015809926230467654,-0.06415700972216094,0.0
0.8295173258423117,0.5584809809898812,-0.6948142269038554,-0.11460775963643924,-0.1482803576524137,-0.14144562318004059,0.0
0.8812230061546832,0.472700765203213,-1.0493363776824782,-0.005817386244145259,0.13047949808041373,0.06377292886093401,0.0
0.9240885015469962,0.38217854637410936,-1.3641027874792828,0.0692792308716671,-0.10214031735131315,-0.09717988515106696,0.0
0.9576837972519199,0.2878224183088307,0.9545768576528704,-0.03507587984876742,-0.09481964356969533,0.15937191242651524,0.0
0.9816718745756604,0.19057893552832364,-0.9323933370329176,0.015614460413668697,0.020701418749536696,0.039444811735457885,0.0
0.9958120917760734,0.09142361769565431,0.4325099349745358,0.0722400071820832,0.04757870692183853,-0.19804481070243302,0.0
0.9999625981139155,-0.008648836526827103,0.427353705213162,0.07567282488187843,-0.07450869971899511,-0.25354822656948367,0.0
0.9940817568601391,-0.10863452801876214,-1.0417570739754518,0.06639175441486506,0.1331898298138465,-0.05532482113548945,0.0
0.9782285629840144,-0.207530428039433,0.11455211328220233,0.06636883968915248,-0.07817618391497877,-0.06890282187675904,0.0
0.9525620513319532,-0.3043444403340752,1.7030686509044939,0.05936261009793982,-0.011410732562576888,0.016683864740615416,0.0
0.9173397012340143,-0.39810535356848625,0.9462895849569394,-0.06560891582315724,0.011566134670348623,0.1398948082741457,0.0
0.8729148535426382,-0.4878725842519075,-0.7621810427770883,0.15588440100174777,-0.14798298074397728,-0.1115130364274086,0.0
0.8197331660151664,-0.5727456124098651,-0.30419351210280243,0.13281038719075858,-0.2202397588158645,-0.04738277994298925,0.0
0.7583281425987426,-0.651873015350951,1.2818974429257906,-0.1190024727436949,-0.057426508299801976,0.1508231309825471,0.0
0.689315781466625,-0.7244610089032094,0.3582640176176311,0.06811003763954661,0.1282899910323472,0.11180398754391395,0.0
0.6133883954952557,-0.7897814104369358,-0.34006103290513345,0.06594524316949398,0.1169008216321942,-0.09272109588831147,0.0
0.5313076671733983,-0.8471789437909569,-0.641052243097457,-0.015991031946482073,-0.05252614674484865,0.008998141754267067,0.0
0.44389700761455125,-0.8960778128214352,1.8950540276087113,-0.0032679929761267944,0.15835054603385745,0.06418024139589505,0.0
0.35203329632491603,-0.9359874776291689,-0.24937127909708773,0.04671640897116828,-0.1032218958112769,0.08377064773135326,0.0
0.2566380845912384,-0.9665075755198923,-0.09081915202707698,0.01814920746864166,-0.19467081132102954,0.2267229149657003,0.0
0.15866835073379548,-0.9873319373318262,-0.2163685901478016,0.03435787716473221,0.001360287087049028,-0.09071853578364714,0.0
0.059106899965138314,-0.9982516588398495,-0.22106017093025726,-0.07140521478080616,0.061319494397905794,0.05793773557904241,0.0
-0.04104749483935751,-0.9991571964247733,1.0136437957499027,-0.1141322204403375,-0.01746753756666115,-0.13083384602307255,0.0
-0.14079011255411472,-0.9900394659845635,-1.1730903686616638,0.2182112361532652,0.017808041034999413,-0.23860526806083657,0.0
-0.23912036288716762,-0.9709899340635356,1.7204134946500593,-0.14421207818852777,-0.054759583798484425,-0.1010632353337691,0.0
-0.335051824024632,-0.9421997002853307,0.2821294703225322,0.14481317940080293,0.0504628908396952,-0.05512573678230092,0.0
-0.42762213814086125,-0.9039575802944728,0.13257767375993526,-0.03189765493130905,0.020019782135622922,0.012875735121321742,0.0
-0.5159026655054126,-0.8566472084378787,-0.3568154178989523,0.15534982512026985,-0.19811553412761923,0.028777509958441028,0.0
-0.5990078003393946,-0.8007431892514354,-0.5535266199602203,-0.02732760265473952,0.08226453717326498,0.0021199568583641906,0.0
-0.6761038549671421,-0.7368063363588627,-0.006502427782992181,-0.07203204691255174,0.08307210714384013,-0.20556982718881658,0.0
-0.7464174231399006,-0.6654780465448809,0.8952402155832667,-0.05947150240050162,-0.2908588012548315,-0.0773167478705235,0.0
-0.8092431386328889,-0.5874738654404901,-1.4187216304021937,-0.012726465902437407,-0.16077142464313515,0.04394191828917448,0.0
-0.8639507512837601,-0.5035763093675342,0.9139068695902174,0.1429576910229959,-0.04397205098911801,0.028729150198324505,0.0
-0.9099914494875164,-0.4146270153518808,0.5691133382522667,0.09709715955423354,-0.04003895499747285,-0.09966686889189637,0.0
-0.9469033657223989,-0.3215182980540813,0.7245686614796818,0.04796489025915955,0.025613892360136906,-0.04337158910129925,0.0
-0.9743162098768322,-0.22518419831605568,-1.6447745127178315,0.019310312880527182,-0.11714947256661433,0.09654232662967263,0.0
-0.9919549838971865,-0.12659111312225824,-2.2599492576277123,-0.05456304257539856,-0.0086554773659298,0.08172269424882012,0.0
-0.999642740492009,-0.026728100973058118,-0.23533976263675316,0.12123149872489364,0.13830235064979648,0.15188946753152896,0.0
-0.9973023582182097,0.07340304007599323,0.5326053412987221,-0.10738587065811658,0.06477893698279218,0.11318434641868241,0.0
-0.9849573151419982,0.17279782217454714,1.2109238880390587,0.13336477445029615,0.09905402885169501,-0.03580753040974797,0.0
-0.9627314533134319,0.27045914442112545,0.1147623176583341,-0.029448678937554037,0.03414763066192834,-0.17945895234640707,0.0
-0.9308477364173015,0.36540729550295803,-0.8749000543731292,-0.005702291406473225,0.04592021540557533,-0.1710299413431993,0.0
-0.8896260130632413,0.4566897818883204,-1.027912262740532,-0.048710099175399646,-0.08812571494412247,-0.027903397861649738,0.0
-0.8394798081531548,0.5433908829775692,0.8594630682259076,0.14233691395824002,0.03409759178725207,-0.07140063192947517,0.0
-0.7809121745140203,0.6246408373583849,-0.8978237914557529,-0.04053522256019833,-0.04553622693009365,0.10447846826562862,0.0
-0.71451064641138,0.6996245680111526,-1.3439370928759806,0.0002587380550103173,-0.2476294340463595,0.0003498626290897081,0.0
-0.6409413455684551,0.7675898589356808,-0.043554566218246896,0.05430241419145381,-0.11251057452142432,-0.01919585954516415,0.0
-0.5609422988176748,0.8278549011735948,1.0966046388561157,-0.024932475112245212,0.060837842290964866,-0.08469179597641456,0.0
-0.47531603442005355,0.8798151325268249,-1.968204921644738,0.08430619713469167,0.12623748742649915,0.022057209809815667,0.0
-0.3849215313241741,0.9229493023579642,0.7647416146097356,0.0026152635105560684,0.1205762649778439,-0.12540727083695177,0.0
-0.2906656021274644,0.9568247006321893,0.1934271404655359,-0.18571591018861336,-0.017262516411393584,-0.0952765877813917,0.0
-0.1934937961835968,0.9811014987443759,0.5093211526729006,-0.09755268608015645,0.12327563743881738,0.2461219230541168,0.0
-0.09438091411348147,0.9955361585854647,-0.22389900232390236,-0.11748361979244315,0.03022494429331987,0.1283077846219873,0.0
0.005678771124338058,0.9999838756492614,-0.32733711271322413,0.017101562709485988,-0.08548383981023655,-0.21986705747428484,0.0
0.10568148850441786,0.994400031671103,1.9834535512524738,0.039923140359117544,0.1494779791313295,-0.030800591408473743,0.0
0.20462403848704988,0.9788406422259194,0.20070050572261847,0.11843764627890313,-0.11047325076010128,-0.08918909341018681,0.0
0.3015138568379828,0.9534617947955148,1.9209199826489707,-0.055792733601789546,-0.1233934495345666,-0.11058442735975707,0.0
0.395378971757671,0.9185180829422177,-0.058791072087657575,0.12242425033017885,0.046973277811290334,-0.02568939268880189,0.0
0.48527775443293425,0.8743600522968377,1.1827242516218746,0.10931403008976413,-5.056104730163084e-05,0.01702518016593314,0.0
0.5703083651961831,0.8214306839820734,-0.01114519159525823,0.059179262167525816,0.13776865868323607,-0.11499842978708896,0.0
0.6496178005309955,0.7602609507486701,-1.964480297759732,-0.08802975480950183,-0.002231381267999082,0.04479025044368804,0.0
0.722410450166902,0.6914644904039932,-1.8511778265447647,0.036672644486993665,0.06666107264248732,0.13637284990092902,0.0
0.7879560784210979,0.6157314499676336,-0.4624053776238275,-0.18142693195527132,0.0402783070478914,0.03052177231975905,0.0
0.8455971497203839,0.5338215623078207,0.16165331670437788,-0.1668106472417289,-0.07643225900893988,-0.11521465315649063,0.0
0.894755424815765,0.44655652471188906,-4.620663605498286,-0.04578259514742484,-0.16177887074917863,-0.016357694090959655,0.0
0.9349377615183043,0.35481175584687497,-0.13640600573642647,-0.08496166178101887,0.024399728854905746,-0.01368077316809569,0.0
0.9657410617648732,0.2595076138020915,1.1635120137347352,-0.0705848210277145,-0.20192839198081997,-0.05833563636164041,0.0
0.9868563153861629,0.16160016331194166,0.9490211302427713,0.0801658986897567,-0.11747591510520444,-0.008201302036163476,0.0
0.9980717000110569,0.06207158477950095,0.257319758982258,0.008981126825067727,0.05097430329307898,0.07282818165326009,0.0
0.999274706009937,-0.0380796786850165,0.39364625210647536,0.02677952115442536,-0.03264743450535286,0.028787200731155756,0.0
0.990453265160099,-0.13784893736876808,0.6775438655041327,0.1083578595698958,-0.08451975608836879,-0.0353079903535976,0.0
0.9716958717108204,-0.23623533372497205,0.717707422413247,0.041403386756501466,-0.04539474892686993,-0.09940750599510165,0.0
0.9431906946335752,-0.33225188269840383,-1.3755764282373342,0.05681827686639164,0.000597963324979512,-0.05373997345370612,0.0
0.905223689963082,-0.424935372885833,-0.5595676777454475,-0.03191737394374592,0.07917150326258868,0.004149321902663702,0.0
0.8581757321656266,-0.5133560292058433,1.1780556669708047,-0.056200728241912246,0.10579354920298356,-0.021679196319010823,0.0
0.8025187933119967,-0.5966268401447061,-0.6444283267175221,-0.029392895656634346,-0.005594000883417051,-0.043524297632870065,0.0
0.7388112083845048,-0.6739124560099983,-0.4552145011758966,-0.13122631772352594,0.008087404414571805,0.05145338607070502,0.0
0.6676920742151988,-0.7444375689271769,-1.15436921071638,-0.05229714215700737,-0.0923434501312449,0.10429891223018167,0.0
0.5898748382436305,-0.8074946905132261,-1.1126326331342635,-0.030303242390089982,0.024931132796089012,-0.0970716039732476,0.0
0.506140141409893,-0.8624512492040194,-0.7864822537952224,0.07935900504560246,-0.16783387462052946,0.11891701971805335,0.0
0.41732798698111107,-0.9087559360368952,-0.7176007610975321,-0.039626069732067365,-0.09289201126709967,-0.05481800272809434,0.0
0.32432931387151603,-0.9459442352293457,-0.07720675786636585,-0.05120656231860504,0.024556373626507443,0.12229066364169697,0.0
0.22807705899023653,-0.9736430840725795,-0.7609805025032643,0.1013855727454849,0.15902566257614872,-0.11747898554317052,0.0
0.12953679827681153,-0.9915746153932101,0.37331741913115496,-0.04424268300981522,0.0216595396714547,0.0876865794636986,0.0
0.029697060311066198,-0.9995589450397014,1.0991444319809633,0.021974114250789125,0.03494873619196145,0.058880375609102725,0.0
-0.07044059033160473,-0.9975159764303202,0.019050259718369197,0.03335773098211763,0.05719431067074846,-0.0604920976338328,0.0
-0.16987160049841388,-0.9854662040598385,-0.8980775089578414,0.13029433246198105,0.11769167060866015,-0.07607973791382688,0.0
-0.26759850585794487,-0.9635305079044438,-1.2755973482899512,0.0412622347484318,-0.04299164735417191,-0.049782378033277945,0.0
-0.36264093718581836,-0.9319289407873281,0.9803431199327753,0.036610987223342044,-0.020308060658433432,-0.020380645178486076,0.0
-0.45404545515701616,-0.8909785208697558,2.07996648392148,0.09600523531223407,-0.029140684162835787,0.0034372896141844165,0.0
-0.5408951149848537,-0.8410900514127616,0.812096749070081,0.01296952582720421,-0.09446815852228668,-0.05496387340894571,0.0
-0.6223186649569264,-0.7827639997127032,-1.0467716048908564,-0.01643883778959981,-0.0245512448563139,0.19249419267491202,0.0
-0.6974992865907693,-0.7165854765520774,0.520490231732818,-0.07084719562021267,0.0813788988306247,0.18815873861129187,0.0
-0.7656827887304475,-0.6432183665303447,0.7212255860502945,-0.06680626964416779,-0.02151618313666504,0.08731987914680056,0.0
-0.826185173383165,-0.563398668157664,-0.06720724764112612,0.1849354108961928,0.06731040302494469,-0.2379066537588208,0.0
-0.8783994973975384,-0.4779271105218367,-0.050551355118685255,0.09204437717004893,-0.17970048013003181,-0.007473063663322274,0.0
-0.9218019611490198,-0.3876611205960962,0.4193447428833668,0.1135520345656603,0.044349126794887665,-0.07320277948078893,0.0
-0.9559571631525485,-0.29350622176937197,0.556488636354855,0.034143439334322616,0.1392515739966906,0.12001087378186118,0.0
-0.9805224678895507,-0.19640694988667068,-0.22141209153490352,-0.013621776251581064,0.10135509989554942,0.09639957924723025,0.0
-0.9952514430324814,-0.0973373779273074,0.604293090318753,-0.12424765826310308,-0.24536979407183865,-0.12256383548033441,0.0
-0.9999963315856234,0.0027086556251996576,1.6271174145207792,-0.1071339881396341,-0.20391964601034496,0.12206138753091691,0.0
-0.9947095341423097,0.10272751669532933,-0.5508139343680579,-0.007314212511306007,-0.011313311295236385,-0.010403641779634494,0.0
-0.9794440863889747,0.2017158437943501,0.3713560236332134,-0.07138655877202864,-0.030848685681937816,-0.1284944175659509,0.0
-0.9543531270658515,0.2986806134646685,-1.89719595612989,0.04798655267359017,0.1339493235933337,-0.07136472467878058,0.0
-0.9196883617215798,0.3926491020158797,-0.45974970032698026,0.08948774471734044,-0.15947198906309062,-0.05359444410124177,0.0
-0.8757975376729153,0.4826786436191874,-0.7515310660941318,-0.1946860156532277,-0.09796799693799428,0.002208850227456848,0.0
-0.8231209555000492,0.5678660868696829,-1.5798237241066586,-0.23275303790083934,-0.04929303320804619,-0.019020101260892416,0.0
-0.7621870520732238,0.6473568549509063,-0.423454089049043,0.026796376814095475,-0.09119204270760706,0.033989915986728236,0.0
-0.6936070994205583,0.7203535185125424,-0.6619659761108395,0.14083531773989552,-0.10113560222473356,0.09836813943403867,0.0
-0.6180690726164936,0.7861237952606368,1.4392266585261033,0.07766616521156072,0.0455343352048587,0.021883211382781823,0.0
-0.5363307482065583,0.8440078960105725,0.5437702161598785,0.026638968833316973,-0.13532266065845697,0.05857670342869989,0.0
-0.449212102403122,0.8934251435092742,1.2332740979389183,-0.08007367721225665,0.02252103740438996,-0.04751454295699367,0.0
-0.3575870853113389,0.9338797976284428,0.07695935390151908,-0.027747843326963673,0.10136388283475789,-0.07122396947946448,0.0
-0.26237485370392877,0.9649660284921133,0.30795852473310725,0.08698553963031344,-0.14905595160318771,-0.029488894798488593,0.0
